DIAS,PRECIP,EVAP,TMAX,TMIN,HORAS LUZ,IAF,IAF2017,IAF2018,IAF2019,IAF2020,IAF2017001,IAF2017002,IAF2017003,IAF2017004,IAF2017005,IAF2017006,IAF2017007,IAF2017008,IAF2017009,IAF2017010,IAF2017011,IAF2017012,IAF2017013,IAF2017014,IAF2018001,IAF2018002,IAF2018003,IAF2018004,IAF2018005,IAF2018006,IAF2018007,IAF2018008,IAF2018009,IAF2018010,IAF2019001,IAF2019002,IAF2019003,IAF2019004,IAF2019005,IAF2019006,IAF2019007,IAF2019008,IAF2019009,IAF2019010,IAF2020001,IAF2020002,IAF2020003,IAF2020004,IAF2020005,IAF2020006,IAF2020007,IAF2020008,IAF2020009,IAF2020010,IAF2021001,IAF2021002,IAF2021003,IAF2021004,IAF2021005,IAF2021006,IAF2021007,IAF2021008,IAF2021009,IAF2021010,DIF
1,0.75,5.65,24.5,6.67,12,0,0,0,0,0,0,0,0,0,0,0,0,0,0,0,0,0,0,0,0,0,0,0,0,0,0,0,0,0,0,0,0,0,0,0,0,0,0,0,0,0,0,0,0,0,0,0,0,0,0,0,0,0,0,0,0,0,0,0,-4.900
2,1.67,5.57,24.4,7.33,12,0,0,0,0,0,0,0,0,0,0,0,0,0,0,0,0,0,0,0,0,0,0,0,0,0,0,0,0,0,0,0,0,0,0,0,0,0,0,0,0,0,0,0,0,0,0,0,0,0,0,0,0,0,0,0,0,0,0,0,-3.900
3,2.63,5.67,25.67,9.33,12,0,0,0,0,0,0,0,0,0,0,0,0,0,0,0,0,0,0,0,0,0,0,0,0,0,0,0,0,0,0,0,0,0,0,0,0,0,0,0,0,0,0,0,0,0,0,0,0,0,0,0,0,0,0,0,0,0,0,0,-3.040
4,0.83,4.37,24.5,9.73,12,0,0,0,0,0,0,0,0,0,0,0,0,0,0,0,0,0,0,0,0,0,0,0,0,0,0,0,0,0,0,0,0,0,0,0,0,0,0,0,0,0,0,0,0,0,0,0,0,0,0,0,0,0,0,0,0,0,0,0,-3.540
5,9.5,8.12,22.67,8.33,12,0.01,0,0,0,0,0,0,0,0,0,0,0,0,0,0,0,0,0,0,0,0,0,0,0,0,0,0,0,0,0,0,0,0,0,0,0,0,0,0,0,0,0,0,0,0,0,0,0,0,0,0,0,0,0,0,0,0,0,0,1.380
6,2.58,5.22,23.83,7.33,12,0.01,0.01,0.01,0.01,0.01,0,0,0,0,0,0,0,0,0,0,0,0,0,0,0,0,0,0,0,0,0,0,0,0,0,0,0,0,0,0,0,0,0,0,0,0,0,0,0,0,0,0,0,0,0,0,0,0,0,0,0,0,0,0,-2.640
7,2.57,5.73,24.5,7.17,12,0.01,0.01,0.01,0.02,0.02,0,0,0,0,0,0,0,0,0,0,0,0,0,0,0,0,0,0,0,0,0,0,0,0,0,0,0,0,0,0,0,0,0,0,0,0,0,0,0,0,0,0,0,0,0,0,0,0,0,0,0,0,0,0,-3.160
8,2.33,5.58,25.33,8.33,12,0.02,0.02,0.02,0.02,0.02,0.01,0.01,0.01,0.01,0.01,0,0,0,0,0,0,0,0,0,0,0,0,0,0,0,0,0,0,0,0,0,0,0,0,0,0,0,0,0,0.01,0.01,0.01,0.01,0.01,0.01,0.01,0.01,0.01,0.01,0.01,0.01,0.01,0.01,0.01,0.01,0.01,0.01,0.01,0.01,-3.250
9,1.88,5.68,24,8.57,12,0.03,0.03,0.03,0.03,0.03,0.01,0.01,0.01,0.01,0.01,0.01,0.01,0.01,0.01,0.01,0.01,0.01,0.01,0.01,0.01,0.01,0.01,0.01,0.01,0.01,0.01,0.01,0.01,0.01,0.01,0.01,0.01,0.01,0.01,0.01,0.01,0.01,0.01,0.01,0.01,0.01,0.01,0.01,0.01,0.01,0.01,0.01,0.01,0.01,0.01,0.01,0.01,0.01,0.01,0.01,0.01,0.01,0.01,0.01,-3.800
10,3,5.55,24.5,9.73,12,0.04,0.04,0.03,0.04,0.04,0.02,0.02,0.02,0.02,0.02,0.01,0.01,0.01,0.01,0.01,0.01,0.01,0.01,0.01,0.01,0.01,0.01,0.01,0.01,0.01,0.01,0.01,0.01,0.01,0.01,0.01,0.01,0.01,0.01,0.01,0.01,0.01,0.01,0.01,0.01,0.01,0.01,0.01,0.01,0.01,0.01,0.01,0.01,0.01,0.01,0.01,0.01,0.01,0.01,0.01,0.01,0.01,0.01,0.01,-2.550
11,0,4.76,24.33,8.9,12,0.05,0.05,0.04,0.05,0.06,0.02,0.02,0.02,0.02,0.02,0.01,0.01,0.01,0.01,0.01,0.01,0.01,0.01,0.01,0.01,0.01,0.01,0.01,0.01,0.01,0.01,0.01,0.01,0.01,0.01,0.01,0.01,0.01,0.01,0.01,0.01,0.01,0.01,0.01,0.02,0.02,0.02,0.02,0.02,0.02,0.02,0.02,0.02,0.02,0.02,0.02,0.02,0.02,0.02,0.02,0.02,0.02,0.02,0.02,-4.760
12,3.28,5.27,23.67,9.57,12,0.06,0.06,0.05,0.06,0.07,0.03,0.03,0.03,0.03,0.03,0.02,0.02,0.02,0.02,0.02,0.02,0.02,0.02,0.02,0.01,0.01,0.01,0.01,0.01,0.01,0.01,0.01,0.01,0.01,0.01,0.01,0.01,0.01,0.01,0.01,0.01,0.01,0.01,0.01,0.02,0.02,0.02,0.02,0.02,0.02,0.02,0.02,0.02,0.02,0.02,0.02,0.02,0.02,0.02,0.02,0.02,0.02,0.02,0.02,-1.990
13,2.33,5.45,24.17,8.57,12,0.08,0.07,0.07,0.07,0.09,0.04,0.04,0.04,0.04,0.04,0.02,0.02,0.02,0.02,0.02,0.02,0.02,0.02,0.02,0.02,0.02,0.02,0.02,0.02,0.02,0.02,0.02,0.02,0.02,0.02,0.02,0.02,0.02,0.02,0.02,0.02,0.02,0.02,0.02,0.03,0.03,0.03,0.03,0.03,0.03,0.03,0.03,0.03,0.03,0.03,0.03,0.03,0.03,0.03,0.03,0.03,0.03,0.03,0.03,-3.120
14,0.17,6.23,24.67,9.23,12,0.09,0.09,0.08,0.08,0.11,0.05,0.05,0.05,0.05,0.05,0.02,0.02,0.02,0.02,0.02,0.02,0.02,0.02,0.02,0.02,0.02,0.02,0.02,0.02,0.02,0.02,0.02,0.02,0.02,0.02,0.02,0.02,0.02,0.02,0.02,0.02,0.02,0.02,0.02,0.04,0.04,0.04,0.04,0.04,0.04,0.04,0.04,0.04,0.04,0.04,0.04,0.04,0.04,0.04,0.04,0.04,0.04,0.04,0.04,-6.060
15,1.08,5.77,26,10.57,12,0.12,0.1,0.08,0.1,0.13,0.06,0.06,0.06,0.06,0.04,0.03,0.03,0.03,0.03,0.03,0.03,0.03,0.03,0.03,0.03,0.03,0.03,0.03,0.03,0.03,0.03,0.03,0.03,0.03,0.03,0.03,0.03,0.03,0.03,0.03,0.03,0.03,0.03,0.03,0.05,0.05,0.05,0.05,0.05,0.05,0.05,0.05,0.05,0.05,0.04,0.04,0.04,0.04,0.04,0.04,0.04,0.04,0.04,0.04,-4.690
16,5.47,4.79,26.33,10.23,12,0.14,0.11,0.1,0.12,0.16,0.07,0.07,0.07,0.07,0.07,0.03,0.03,0.03,0.03,0.03,0.03,0.03,0.01,0.03,0.03,0.03,0.03,0.03,0.03,0.03,0.03,0.03,0.03,0.03,0.03,0.03,0.03,0.03,0.03,0.03,0.03,0.03,0.03,0.03,0.06,0.06,0.06,0.06,0.06,0.06,0.06,0.06,0.06,0.06,0.05,0.05,0.05,0.05,0.05,0.05,0.05,0.05,0.05,0.05,0.680
17,3,5.79,25.17,9.83,12,0.17,0.13,0.12,0.14,0.19,0.09,0.09,0.08,0.08,0.09,0.04,0.04,0.04,0.04,0.04,0.04,0.04,0.04,0.04,0.03,0.03,0.03,0.03,0.03,0.03,0.03,0.03,0.03,0.03,0.03,0.03,0.03,0.03,0.03,0.03,0.03,0.03,0.03,0.03,0.07,0.07,0.07,0.07,0.07,0.07,0.07,0.07,0.07,0.07,0.06,0.06,0.06,0.06,0.06,0.06,0.06,0.06,0.06,0.06,-2.790
18,1.75,5.92,25.17,10.17,12,0.21,0.14,0.14,0.17,0.22,0.1,0.1,0.1,0.1,0.1,0.05,0.05,0.04,0.04,0.04,0.05,0.05,0.05,0.05,0.05,0.05,0.05,0.05,0.05,0.05,0.05,0.04,0.05,0.05,0.05,0.05,0.05,0.05,0.05,0.05,0.05,0.05,0.05,0.05,0.08,0.08,0.08,0.08,0.08,0.08,0.08,0.08,0.08,0.08,0.08,0.08,0.08,0.08,0.08,0.08,0.08,0.08,0.08,0.08,-4.170
19,1.33,5.74,25.67,10,12,0.24,0.16,0.16,0.2,0.26,0.12,0.12,0.12,0.12,0.12,0.05,0.05,0.05,0.05,0.05,0.05,0.05,0.05,0.05,0.06,0.06,0.06,0.06,0.06,0.06,0.06,0.06,0.06,0.06,0.06,0.06,0.06,0.06,0.06,0.06,0.06,0.06,0.06,0.06,0.1,0.1,0.1,0.1,0.1,0.1,0.1,0.1,0.1,0.1,0.09,0.09,0.09,0.09,0.09,0.09,0.09,0.09,0.09,0.09,-4.410
20,4.55,5.79,25.17,9.83,12,0.29,0.19,0.17,0.24,0.32,0.14,0.14,0.13,0.14,0.14,0.05,0.05,0.05,0.05,0.05,0.05,0.05,0.05,0.05,0.07,0.07,0.07,0.07,0.07,0.07,0.07,0.07,0.07,0.07,0.07,0.07,0.07,0.07,0.07,0.07,0.07,0.07,0.07,0.07,0.12,0.12,0.12,0.12,0.12,0.12,0.12,0.12,0.12,0.12,0.11,0.11,0.11,0.11,0.11,0.11,0.11,0.11,0.11,0.11,-1.240
21,0.08,3.27,23.83,9.67,12,0.34,0.22,0.2,0.29,0.37,0.16,0.17,0.15,0.16,0.16,0.06,0.06,0.06,0.06,0.06,0.06,0.06,0.06,0.06,0.09,0.09,0.09,0.09,0.09,0.09,0.09,0.08,0.09,0.09,0.09,0.09,0.09,0.09,0.09,0.09,0.09,0.09,0.09,0.09,0.14,0.14,0.15,0.14,0.14,0.15,0.15,0.15,0.14,0.15,0.13,0.13,0.13,0.13,0.13,0.13,0.13,0.13,0.13,0.13,-3.190
22,1.75,5.56,24,8.83,12,0.4,0.25,0.25,0.35,0.44,0.19,0.19,0.18,0.18,0.19,0.08,0.08,0.08,0.08,0.08,0.08,0.08,0.08,0.08,0.11,0.11,0.11,0.11,0.11,0.11,0.11,0.11,0.11,0.11,0.11,0.11,0.11,0.11,0.11,0.11,0.11,0.11,0.11,0.11,0.17,0.17,0.17,0.17,0.17,0.17,0.17,0.17,0.17,0.17,0.15,0.15,0.16,0.15,0.15,0.15,0.16,0.16,0.15,0.15,-3.810
23,7.58,5.26,23.33,8,12,0.43,0.27,0.3,0.4,0.52,0.22,0.22,0.21,0.21,0.21,0.1,0.1,0.1,0.1,0.1,0.1,0.1,0.1,0.1,0.14,0.14,0.14,0.14,0.14,0.14,0.14,0.14,0.14,0.14,0.14,0.14,0.14,0.14,0.14,0.14,0.14,0.14,0.14,0.14,0.2,0.2,0.2,0.2,0.2,0.2,0.21,0.2,0.2,0.2,0.18,0.18,0.18,0.18,0.18,0.18,0.18,0.18,0.18,0.18,2.320
24,3.03,6.04,24,9.33,12,0.48,0.29,0.34,0.45,0.61,0.25,0.25,0.23,0.24,0.24,0.12,0.12,0.11,0.11,0.11,0.12,0.12,0.12,0.12,0.16,0.16,0.16,0.16,0.16,0.16,0.16,0.16,0.16,0.16,0.16,0.16,0.16,0.16,0.16,0.16,0.16,0.16,0.16,0.16,0.24,0.24,0.24,0.23,0.24,0.24,0.24,0.24,0.24,0.24,0.22,0.22,0.22,0.21,0.22,0.22,0.22,0.22,0.22,0.22,-3.010
25,5.75,5.02,23.5,10,12,0.52,0.32,0.42,0.53,0.71,0.29,0.29,0.27,0.28,0.28,0.14,0.14,0.14,0.14,0.14,0.14,0.14,0.14,0.14,0.19,0.19,0.19,0.19,0.19,0.19,0.19,0.19,0.19,0.19,0.19,0.19,0.19,0.19,0.19,0.19,0.19,0.19,0.19,0.19,0.28,0.28,0.28,0.27,0.28,0.28,0.29,0.29,0.28,0.28,0.26,0.26,0.26,0.25,0.26,0.26,0.26,0.26,0.26,0.26,0.730
26,6.83,5.89,24,9.83,12,0.58,0.4,0.53,0.62,0.82,0.33,0.34,0.31,0.32,0.33,0.19,0.19,0.18,0.18,0.18,0.19,0.19,0.19,0.19,0.22,0.22,0.21,0.22,0.22,0.22,0.22,0.21,0.21,0.21,0.22,0.22,0.21,0.22,0.22,0.22,0.22,0.22,0.21,0.21,0.32,0.32,0.32,0.32,0.32,0.33,0.33,0.33,0.32,0.33,0.31,0.31,0.31,0.3,0.31,0.31,0.31,0.32,0.31,0.31,0.940
27,5.75,6.14,23.67,9.33,12,0.62,0.47,0.63,0.74,0.94,0.39,0.39,0.36,0.37,0.38,0.24,0.24,0.23,0.23,0.24,0.24,0.24,0.24,0.24,0.24,0.24,0.24,0.24,0.24,0.24,0.24,0.24,0.24,0.24,0.24,0.24,0.24,0.24,0.24,0.24,0.24,0.24,0.24,0.24,0.37,0.37,0.37,0.36,0.37,0.37,0.38,0.38,0.37,0.37,0.36,0.37,0.37,0.36,0.37,0.37,0.37,0.37,0.36,0.37,-0.390
28,7.67,5.32,24,9.67,12.83,0.72,0.53,0.73,0.87,1.08,0.44,0.45,0.42,0.43,0.43,0.29,0.29,0.29,0.29,0.29,0.3,0.29,0.3,0.29,0.28,0.28,0.28,0.28,0.28,0.28,0.28,0.27,0.28,0.28,0.28,0.28,0.28,0.28,0.28,0.28,0.28,0.28,0.28,0.28,0.43,0.43,0.44,0.42,0.43,0.44,0.44,0.44,0.43,0.44,0.43,0.44,0.44,0.43,0.44,0.44,0.44,0.44,0.43,0.43,2.350
29,1.67,5.47,22.5,10.17,13,0.81,0.62,0.82,1.01,1.23,0.51,0.52,0.48,0.49,0.5,0.37,0.37,0.36,0.36,0.36,0.37,0.36,0.37,0.36,0.33,0.33,0.33,0.33,0.33,0.33,0.33,0.33,0.33,0.33,0.33,0.33,0.33,0.33,0.33,0.33,0.33,0.33,0.33,0.33,0.5,0.5,0.51,0.49,0.5,0.51,0.52,0.51,0.5,0.51,0.51,0.51,0.51,0.5,0.52,0.52,0.52,0.52,0.51,0.51,-3.800
30,3.58,5,22.67,8.67,13,0.93,0.77,0.9,1.13,1.37,0.59,0.59,0.55,0.56,0.57,0.45,0.45,0.44,0.44,0.45,0.45,0.45,0.45,0.45,0.39,0.4,0.39,0.4,0.4,0.4,0.4,0.39,0.39,0.39,0.39,0.4,0.39,0.4,0.4,0.4,0.4,0.4,0.39,0.39,0.58,0.58,0.59,0.57,0.58,0.59,0.6,0.6,0.58,0.59,0.6,0.6,0.6,0.59,0.6,0.6,0.61,0.61,0.59,0.6,-1.420
31,0.33,4.24,23.33,10.17,13,1.06,0.91,0.98,1.24,1.51,0.67,0.67,0.63,0.64,0.65,0.55,0.55,0.53,0.54,0.54,0.55,0.54,0.55,0.54,0.47,0.47,0.46,0.47,0.47,0.47,0.47,0.46,0.46,0.46,0.47,0.47,0.46,0.47,0.47,0.47,0.47,0.47,0.46,0.46,0.65,0.66,0.66,0.64,0.65,0.66,0.67,0.67,0.65,0.66,0.69,0.69,0.7,0.68,0.7,0.7,0.7,0.71,0.69,0.69,-3.910
32,3,4.32,24.5,10.5,13,1.21,1.06,1.07,1.37,1.67,0.75,0.76,0.71,0.72,0.73,0.65,0.66,0.64,0.65,0.65,0.66,0.65,0.66,0.65,0.55,0.56,0.55,0.56,0.56,0.56,0.56,0.55,0.55,0.55,0.55,0.56,0.55,0.56,0.56,0.56,0.56,0.56,0.55,0.55,0.73,0.74,0.74,0.72,0.73,0.74,0.75,0.75,0.73,0.75,0.79,0.8,0.8,0.78,0.8,0.8,0.8,0.81,0.79,0.79,-1.320
33,11.17,6.26,24.17,10,13,1.37,1.22,1.19,1.53,1.84,0.84,0.85,0.8,0.81,0.82,0.77,0.77,0.76,0.76,0.76,0.78,0.77,0.78,0.77,0.67,0.67,0.67,0.68,0.68,0.67,0.68,0.67,0.67,0.67,0.67,0.67,0.67,0.68,0.68,0.67,0.68,0.67,0.67,0.67,0.84,0.85,0.86,0.83,0.84,0.86,0.87,0.86,0.84,0.86,0.91,0.91,0.92,0.89,0.92,0.92,0.92,0.93,0.9,0.91,4.910
34,3.25,5.37,24,9.83,13,1.54,1.39,1.32,1.7,2,0.92,0.94,0.88,0.9,0.88,0.88,0.88,0.86,0.87,0.87,0.89,0.88,0.89,0.88,0.8,0.8,0.8,0.81,0.81,0.8,0.81,0.8,0.8,0.8,0.8,0.8,0.8,0.81,0.81,0.8,0.81,0.8,0.8,0.8,0.97,0.98,0.99,0.96,0.97,0.99,1,1,0.97,0.99,1.03,1.04,1.05,1.02,1.05,1.04,1.05,1.06,1.03,1.04,-2.120
35,3.25,5.09,25.17,9.83,13,1.71,1.57,1.45,1.88,2.13,1.02,1.03,0.97,0.99,0.96,0.97,0.97,0.95,0.96,0.96,0.98,0.96,0.97,0.97,0.94,0.94,0.94,0.95,0.95,0.94,0.95,0.93,0.94,0.94,0.94,0.94,0.94,0.95,0.95,0.94,0.95,0.94,0.94,0.94,1.11,1.12,1.13,1.1,1.11,1.13,1.14,1.14,1.11,1.13,1.16,1.17,1.18,1.15,1.18,1.18,1.18,1.19,1.16,1.17,-1.840
36,3.92,6.07,25.6,10,13,1.89,1.75,1.6,2.05,2.27,1.11,1.12,1.06,1.08,1.05,1.08,1.09,1.06,1.07,1.07,1.1,1.08,1.09,1.08,1.04,1.05,1.04,1.05,1.05,1.05,1.06,1.04,1.04,1.04,1.04,1.05,1.04,1.05,1.05,1.05,1.06,1.05,1.04,1.04,1.24,1.24,1.25,1.22,1.24,1.25,1.26,1.26,1.24,1.26,1.31,1.32,1.32,1.29,1.33,1.32,1.32,1.34,1.3,1.32,-2.150
37,0.58,4.94,24.5,9.17,13,2.06,1.92,1.77,2.22,2.43,1.2,1.22,1.13,1.18,1.13,1.18,1.18,1.16,1.17,1.17,1.19,1.18,1.19,1.18,1.13,1.13,1.12,1.13,1.13,1.13,1.14,1.12,1.12,1.12,1.13,1.13,1.12,1.13,1.13,1.13,1.14,1.13,1.12,1.12,1.34,1.35,1.36,1.33,1.35,1.36,1.37,1.37,1.35,1.37,1.43,1.44,1.45,1.41,1.45,1.44,1.44,1.46,1.42,1.44,-4.360
38,0,5.17,25.5,9.67,13,2.23,2.06,1.94,2.38,2.61,1.29,1.31,1.21,1.27,1.2,1.33,1.33,1.31,1.32,1.32,1.34,1.33,1.34,1.33,1.18,1.19,1.18,1.19,1.19,1.19,1.2,1.18,1.18,1.18,1.18,1.19,1.18,1.19,1.19,1.19,1.2,1.19,1.18,1.18,1.47,1.48,1.49,1.45,1.47,1.49,1.5,1.5,1.47,1.49,1.58,1.59,1.6,1.56,1.6,1.59,1.59,1.61,1.57,1.59,-5.170
39,1.33,4.59,24.83,9.67,13,2.4,2.17,2.11,2.53,2.78,1.37,1.41,1.26,1.37,1.28,1.48,1.49,1.46,1.47,1.47,1.5,1.49,1.49,1.48,1.26,1.26,1.25,1.26,1.26,1.26,1.27,1.25,1.25,1.25,1.26,1.26,1.25,1.26,1.26,1.26,1.27,1.26,1.25,1.25,1.58,1.59,1.6,1.57,1.59,1.6,1.61,1.61,1.58,1.61,1.73,1.74,1.75,1.71,1.75,1.74,1.75,1.77,1.73,1.75,-3.260
40,1.33,4.99,24.83,10.5,13,2.56,2.31,2.23,2.7,2.93,1.46,1.51,1.35,1.46,1.36,1.65,1.66,1.63,1.65,1.64,1.67,1.65,1.66,1.65,1.29,1.3,1.29,1.3,1.3,1.3,1.3,1.29,1.29,1.29,1.29,1.3,1.29,1.3,1.3,1.3,1.3,1.3,1.29,1.29,1.7,1.71,1.72,1.69,1.7,1.72,1.73,1.73,1.7,1.72,1.9,1.91,1.92,1.88,1.92,1.91,1.92,1.94,1.9,1.92,-3.660
41,0.75,6.11,25.17,9.83,13,2.73,2.41,2.33,2.87,3.05,1.55,1.6,1.44,1.56,1.45,1.82,1.83,1.8,1.81,1.81,1.84,1.82,1.83,1.82,1.38,1.39,1.38,1.39,1.39,1.39,1.39,1.37,1.38,1.38,1.38,1.39,1.38,1.39,1.39,1.39,1.39,1.39,1.38,1.38,1.8,1.81,1.82,1.79,1.81,1.82,1.84,1.84,1.81,1.83,2.07,2.08,2.09,2.05,2.09,2.08,2.09,2.11,2.07,2.09,-5.360
42,0,5.92,26.67,9.67,13,2.91,2.58,2.39,3.05,3.19,1.65,1.7,1.53,1.66,1.54,1.98,1.99,1.96,1.97,1.97,2,1.98,1.99,1.98,1.51,1.52,1.51,1.52,1.52,1.52,1.53,1.51,1.51,1.51,1.51,1.52,1.51,1.52,1.52,1.52,1.53,1.52,1.51,1.51,1.96,1.97,1.98,1.94,1.96,1.98,1.99,1.99,1.96,1.98,2.24,2.25,2.26,2.22,2.26,2.25,2.26,2.28,2.24,2.26,-5.920
43,6.5,5.74,25.83,8.83,13,3.09,2.74,2.47,3.23,3.31,1.74,1.8,1.61,1.76,1.6,2.14,2.15,2.12,2.14,2.13,2.16,2.14,2.15,2.14,1.63,1.64,1.63,1.64,1.64,1.64,1.65,1.63,1.63,1.63,1.63,1.64,1.63,1.64,1.64,1.64,1.65,1.64,1.63,1.63,2.13,2.14,2.15,2.11,2.13,2.15,2.16,2.16,2.13,2.15,2.35,2.36,2.37,2.33,2.37,2.36,2.36,2.38,2.34,2.36,0.760
44,4.25,5.19,25.17,9.83,13,3.27,2.93,2.51,3.41,3.44,1.82,1.89,1.66,1.85,1.67,2.23,2.24,2.21,2.23,2.22,2.25,2.23,2.25,2.23,1.78,1.78,1.78,1.79,1.79,1.78,1.79,1.77,1.78,1.78,1.78,1.78,1.78,1.79,1.79,1.78,1.79,1.78,1.78,1.78,2.28,2.29,2.3,2.27,2.29,2.31,2.32,2.32,2.29,2.31,2.44,2.45,2.46,2.42,2.46,2.45,2.46,2.48,2.43,2.46,-0.940
45,6.33,5.19,23.67,9.5,13,3.44,3.1,2.6,3.58,3.55,1.9,1.97,1.71,1.94,1.75,2.4,2.4,2.37,2.39,2.39,2.42,2.4,2.41,2.4,1.93,1.94,1.93,1.94,1.94,1.94,1.95,1.93,1.93,1.93,1.93,1.94,1.93,1.94,1.94,1.94,1.95,1.94,1.93,1.93,2.46,2.47,2.48,2.44,2.46,2.48,2.49,2.49,2.46,2.48,2.58,2.58,2.6,2.55,2.6,2.59,2.59,2.61,2.57,2.59,1.140
46,0.5,5.04,22.5,8.5,13,3.61,3.27,2.74,3.74,3.7,1.98,2.06,1.78,2.04,1.81,2.56,2.57,2.54,2.55,2.55,2.58,2.56,2.57,2.56,2.11,2.12,2.11,2.12,2.12,2.12,2.13,2.11,2.11,2.11,2.11,2.12,2.11,2.12,2.12,2.12,2.13,2.12,2.11,2.11,2.63,2.64,2.65,2.62,2.64,2.65,2.67,2.67,2.64,2.66,2.74,2.75,2.76,2.72,2.76,2.75,2.76,2.78,2.73,2.75,-4.540
47,2.67,4.23,24.5,9.17,13,3.73,3.44,2.86,3.93,3.88,2.05,2.14,1.83,2.13,1.89,2.74,2.75,2.72,2.74,2.73,2.76,2.74,2.76,2.74,2.26,2.26,2.26,2.27,2.27,2.26,2.27,2.25,2.26,2.26,2.26,2.26,2.26,2.27,2.27,2.26,2.27,2.26,2.26,2.26,2.8,2.82,2.82,2.79,2.81,2.83,2.84,2.84,2.81,2.83,2.9,2.9,2.92,2.88,2.92,2.91,2.91,2.93,2.89,2.91,-1.560
48,3.75,5.25,21.83,8.96,13,3.84,3.53,3.01,4.11,4.04,2.13,2.23,1.9,2.23,1.96,2.92,2.93,2.9,2.92,2.91,2.94,2.92,2.94,2.92,2.42,2.42,2.41,2.43,2.43,2.42,2.43,2.41,2.41,2.41,2.42,2.42,2.41,2.43,2.43,2.42,2.43,2.42,2.41,2.41,2.95,2.96,2.97,2.94,2.96,2.97,2.98,2.99,2.95,2.98,3.05,3.06,3.08,3.03,3.08,3.07,3.07,3.09,3.05,3.07,-1.500
49,0.83,3.98,20.83,10.5,13,3.98,3.7,3.17,4.29,4.22,2.2,2.32,1.97,2.33,2.02,3.1,3.11,3.08,3.1,3.1,3.13,3.11,3.12,3.11,2.58,2.59,2.58,2.59,2.59,2.59,2.6,2.58,2.58,2.58,2.58,2.59,2.58,2.59,2.59,2.59,2.6,2.59,2.58,2.58,3.12,3.14,3.14,3.11,3.13,3.15,3.16,3.16,3.13,3.15,3.21,3.22,3.23,3.19,3.23,3.22,3.23,3.25,3.21,3.23,-3.150
50,11.58,3.47,20.83,11,13,4.13,3.86,3.35,4.46,4.4,2.27,2.39,2.04,2.43,2.09,3.28,3.29,3.26,3.28,3.27,3.31,3.29,3.3,3.28,2.76,2.76,2.76,2.77,2.77,2.76,2.77,2.75,2.76,2.76,2.76,2.76,2.76,2.77,2.77,2.76,2.77,2.76,2.76,2.76,3.3,3.31,3.32,3.29,3.3,3.32,3.33,3.33,3.3,3.33,3.37,3.38,3.39,3.35,3.39,3.38,3.39,3.41,3.36,3.39,8.110
51,6.17,4.02,20.33,9.83,13,4.3,4.05,3.5,4.62,4.57,2.36,2.49,2.14,2.53,2.18,3.45,3.46,3.43,3.44,3.44,3.47,3.45,3.46,3.45,2.87,2.87,2.86,2.88,2.88,2.87,2.88,2.86,2.87,2.86,2.87,2.87,2.86,2.88,2.88,2.87,2.88,2.87,2.87,2.86,3.48,3.49,3.5,3.46,3.48,3.5,3.51,3.51,3.48,3.5,3.51,3.52,3.53,3.49,3.53,3.52,3.52,3.55,3.5,3.52,2.150
52,6.58,4.98,21,10.67,13,4.47,4.23,3.66,4.78,4.72,2.46,2.6,2.23,2.63,2.28,3.63,3.64,3.6,3.62,3.62,3.65,3.63,3.64,3.63,3.03,3.03,3.02,3.04,3.03,3.03,3.04,3.02,3.02,3.02,3.03,3.03,3.02,3.04,3.03,3.03,3.04,3.03,3.02,3.02,3.66,3.67,3.68,3.64,3.66,3.68,3.69,3.69,3.66,3.68,3.66,3.66,3.68,3.64,3.68,3.67,3.67,3.69,3.65,3.67,1.600
53,9.75,4.35,20.5,11,13,4.64,4.42,3.83,4.96,4.9,2.55,2.69,2.3,2.73,2.35,3.8,3.81,3.78,3.8,3.79,3.83,3.81,3.82,3.8,3.19,3.19,3.18,3.19,3.19,3.19,3.2,3.18,3.18,3.18,3.19,3.19,3.18,3.19,3.19,3.19,3.2,3.19,3.18,3.18,3.82,3.83,3.84,3.8,3.82,3.84,3.85,3.85,3.82,3.84,3.82,3.82,3.84,3.79,3.84,3.83,3.83,3.85,3.81,3.83,5.400
54,12.92,4.6,22.5,10.5,13,4.83,4.6,4,5.12,5.07,2.62,2.78,2.36,2.83,2.42,3.99,4.01,3.97,3.99,3.99,4.02,4,4.01,4,3.33,3.34,3.33,3.34,3.34,3.34,3.35,3.33,3.33,3.33,3.33,3.34,3.33,3.34,3.34,3.34,3.35,3.34,3.33,3.33,3.99,4,4.01,3.98,4,4.01,4.03,4.03,3.99,4.02,3.97,3.97,3.99,3.94,3.99,3.98,3.98,4,3.96,3.98,8.320
55,3,5.78,23,8.83,13,5,4.76,4.11,5.3,5.25,2.7,2.85,2.43,2.93,2.5,4.17,4.18,4.15,4.17,4.16,4.19,4.17,4.19,4.17,3.49,3.5,3.49,3.5,3.5,3.5,3.51,3.49,3.49,3.49,3.49,3.5,3.49,3.5,3.5,3.5,3.51,3.5,3.49,3.49,4.17,4.18,4.19,4.16,4.17,4.19,4.2,4.2,4.17,4.2,4.12,4.12,4.14,4.09,4.14,4.13,4.13,4.15,4.11,4.13,-2.780
56,6.58,4.87,23.17,9.5,13,5.18,4.94,4.27,5.49,5.43,2.76,2.92,2.5,3.03,2.55,4.36,4.37,4.33,4.35,4.35,4.38,4.36,4.37,4.36,3.66,3.67,3.66,3.67,3.67,3.67,3.67,3.65,3.66,3.66,3.66,3.67,3.66,3.67,3.67,3.67,3.67,3.67,3.66,3.66,4.36,4.37,4.38,4.34,4.36,4.38,4.39,4.39,4.36,4.38,4.27,4.27,4.29,4.24,4.29,4.28,4.28,4.3,4.26,4.28,1.710
57,4.5,5.2,22.33,9,13,5.36,5.12,4.43,5.66,5.59,2.83,2.99,2.54,3.13,2.62,4.54,4.55,4.51,4.53,4.53,4.56,4.54,4.55,4.54,3.81,3.81,3.81,3.82,3.82,3.81,3.82,3.8,3.81,3.81,3.81,3.81,3.81,3.82,3.82,3.81,3.82,3.81,3.81,3.81,4.52,4.53,4.54,4.5,4.52,4.54,4.55,4.55,4.52,4.54,4.42,4.43,4.45,4.4,4.45,4.44,4.44,4.46,4.42,4.44,-0.700
58,1.58,4.4,22.5,9.17,13,5.54,5.31,4.58,5.84,5.77,2.93,3.09,2.64,3.23,2.71,4.68,4.69,4.65,4.67,4.67,4.7,4.68,4.69,4.68,3.99,3.99,3.98,4,4,3.99,4,3.98,3.98,3.98,3.99,3.99,3.98,4,4,3.99,4,3.99,3.98,3.98,4.7,4.71,4.72,4.68,4.7,4.72,4.73,4.73,4.7,4.73,4.59,4.6,4.61,4.57,4.61,4.6,4.61,4.63,4.59,4.61,-2.820
59,23.55,5.9,22.33,9.5,13,5.72,5.48,4.74,6.01,5.94,3.03,3.19,2.74,3.33,2.81,4.81,4.82,4.79,4.81,4.8,4.84,4.82,4.83,4.81,4.17,4.17,4.17,4.18,4.18,4.17,4.18,4.16,4.17,4.17,4.17,4.17,4.17,4.18,4.18,4.17,4.18,4.17,4.17,4.17,4.83,4.84,4.84,4.81,4.83,4.85,4.86,4.86,4.83,4.85,4.77,4.77,4.79,4.74,4.79,4.78,4.78,4.8,4.76,4.78,17.650
60,9.92,6.9,20.17,10.5,13,5.91,5.67,4.9,6.18,6.13,3.12,3.27,2.83,3.43,2.91,4.95,4.96,4.93,4.95,4.94,4.97,4.95,4.97,4.95,4.35,4.36,4.35,4.36,4.36,4.36,4.37,4.35,4.35,4.35,4.35,4.36,4.35,4.36,4.36,4.36,4.37,4.36,4.35,4.35,4.98,4.99,4.99,4.96,4.98,5,5.01,5.01,4.98,5,4.93,4.93,4.95,4.9,4.95,4.94,4.94,4.96,4.92,4.94,3.020
61,4.92,3.83,20.83,11.5,13,6.09,5.84,5.05,6.35,6.28,3.2,3.34,2.9,3.53,2.97,5.09,5.1,5.07,5.08,5.08,5.11,5.09,5.1,5.09,4.53,4.54,4.53,4.54,4.54,4.54,4.55,4.53,4.53,4.53,4.53,4.54,4.53,4.54,4.54,4.54,4.55,4.54,4.53,4.53,5.11,5.12,5.13,5.1,5.12,5.13,5.15,5.15,5.11,5.14,5.09,5.1,5.12,5.07,5.12,5.1,5.11,5.13,5.09,5.11,1.090
62,0.83,3.77,21.17,11.67,13,6.26,5.98,5.22,6.53,6.46,3.27,3.41,2.96,3.63,3.04,5.18,5.19,5.16,5.18,5.17,5.21,5.18,5.2,5.18,4.69,4.7,4.69,4.7,4.7,4.7,4.7,4.68,4.69,4.69,4.69,4.7,4.69,4.7,4.7,4.7,4.7,4.7,4.69,4.69,5.24,5.25,5.26,5.23,5.25,5.26,5.27,5.28,5.24,5.27,5.24,5.25,5.27,5.22,5.27,5.25,5.26,5.28,5.24,5.26,-2.940
63,8.75,4.47,22.17,10.67,13,6.4,6.11,5.4,6.7,6.58,3.36,3.51,3.06,3.73,3.13,5.32,5.33,5.3,5.32,5.31,5.34,5.32,5.34,5.32,4.84,4.84,4.84,4.85,4.85,4.84,4.85,4.83,4.84,4.84,4.84,4.84,4.84,4.85,4.85,4.84,4.85,4.84,4.84,4.84,5.4,5.41,5.42,5.39,5.4,5.42,5.43,5.43,5.4,5.43,5.35,5.36,5.37,5.33,5.37,5.36,5.37,5.39,5.35,5.37,4.280
64,4.08,4.47,22,11,13,6.58,6.25,5.58,6.7,6.73,3.45,3.56,3.14,3.82,3.21,5.49,5.5,5.47,5.49,5.48,5.51,5.49,5.51,5.49,5.01,5.01,5,5.01,5.01,5.01,5.02,5,5,5,5.01,5.01,5,5.01,5.01,5.01,5.02,5.01,5,5,5.53,5.54,5.54,5.51,5.53,5.55,5.56,5.56,5.53,5.55,5.51,5.52,5.53,5.49,5.53,5.52,5.53,5.55,5.5,5.53,-0.390
65,6.83,5.27,20.83,10,13,6.74,6.38,5.75,6.87,6.86,3.55,3.65,3.24,3.92,3.3,5.64,5.65,5.62,5.63,5.63,5.66,5.64,5.65,5.64,5.15,5.16,5.15,5.16,5.16,5.16,5.17,5.15,5.15,5.15,5.15,5.16,5.15,5.16,5.16,5.16,5.17,5.16,5.15,5.15,5.65,5.66,5.67,5.63,5.65,5.67,5.68,5.68,5.65,5.67,5.62,5.63,5.64,5.6,5.64,5.63,5.64,5.66,5.61,5.64,1.560
66,1.08,4.55,21.83,10.17,13,6.87,6.47,5.91,6.99,6.99,3.63,3.73,3.32,4,3.39,5.8,5.81,5.77,5.79,5.79,5.82,5.8,5.81,5.8,5.31,5.31,5.31,5.32,5.32,5.31,5.32,5.3,5.31,5.31,5.31,5.31,5.31,5.32,5.32,5.31,5.32,5.31,5.31,5.31,5.81,5.82,5.83,5.79,5.81,5.83,5.84,5.84,5.81,5.83,5.76,5.76,5.78,5.73,5.78,5.77,5.77,5.79,5.75,5.77,-3.470
67,5.5,5.7,21.83,10,13,6.99,6.61,6.05,7.15,7.15,3.72,3.82,3.41,4.09,3.47,5.93,5.94,5.91,5.93,5.92,5.95,5.93,5.95,5.93,5.48,5.48,5.48,5.49,5.49,5.49,5.49,5.47,5.48,5.48,5.48,5.48,5.48,5.49,5.49,5.49,5.49,5.49,5.48,5.48,5.94,5.95,5.96,5.93,5.94,5.96,5.97,5.97,5.94,5.97,5.92,5.93,5.94,5.9,5.94,5.93,5.94,5.96,5.91,5.94,-0.200
68,0.42,3.98,22.17,9.5,13,7.1,6.77,6.21,7.27,7.27,3.8,3.9,3.49,4.17,3.55,6.04,6.05,6.02,6.03,6.03,6.06,6.04,6.05,6.04,5.64,5.65,5.64,5.65,5.65,5.65,5.66,5.64,5.64,5.64,5.64,5.65,5.64,5.65,5.65,5.65,5.66,5.65,5.64,5.64,6.11,6.12,6.13,6.1,6.12,6.13,6.14,6.14,6.11,6.14,6.09,6.09,6.11,6.06,6.11,6.1,6.1,6.12,6.08,6.1,-3.560
69,12.95,6.1,22.83,10.17,13,7.19,6.92,6.36,7.39,7.39,3.9,4,3.59,4.27,3.65,6.19,6.2,6.17,6.19,6.19,6.22,6.2,6.21,6.2,5.79,5.8,5.79,5.8,5.8,5.8,5.8,5.78,5.79,5.79,5.79,5.8,5.79,5.8,5.8,5.8,5.8,5.8,5.79,5.79,6.26,6.27,6.28,6.24,6.26,6.28,6.29,6.29,6.26,6.28,6.25,6.26,6.27,6.23,6.27,6.26,6.27,6.29,6.24,6.26,6.850
70,13.17,6.05,22.17,9.67,13,7.27,7.07,6.51,7.54,7.54,3.99,4.09,3.67,4.36,3.74,6.3,6.31,6.28,6.3,6.29,6.32,6.3,6.32,6.3,5.94,5.94,5.93,5.95,5.94,5.94,5.95,5.93,5.93,5.93,5.94,5.94,5.93,5.95,5.94,5.94,5.95,5.94,5.93,5.93,6.42,6.43,6.44,6.41,6.43,6.44,6.45,6.45,6.42,6.45,6.42,6.43,6.44,6.4,6.44,6.43,6.44,6.46,6.41,6.43,7.120
71,4.17,3.62,21.33,10.33,13,7.34,7.2,6.68,7.67,7.67,4.08,4.19,3.77,4.46,3.83,6.42,6.43,6.4,6.42,6.41,6.44,6.42,6.44,6.42,6.07,6.07,6.07,6.08,6.08,6.08,6.08,6.06,6.07,6.07,6.07,6.07,6.07,6.08,6.08,6.08,6.08,6.08,6.07,6.07,6.56,6.57,6.58,6.54,6.56,6.58,6.59,6.59,6.56,6.58,6.56,6.57,6.59,6.54,6.59,6.58,6.58,6.6,6.56,6.58,0.550
72,1.75,4.1,20.5,11,13,7.47,7.31,6.84,7.84,7.84,4.18,4.28,3.87,4.55,3.93,6.56,6.57,6.53,6.55,6.55,6.58,6.56,6.57,6.56,6.23,6.24,6.23,6.24,6.24,6.24,6.25,6.23,6.23,6.23,6.23,6.24,6.23,6.24,6.24,6.24,6.25,6.24,6.23,6.23,6.68,6.69,6.7,6.66,6.68,6.7,6.71,6.71,6.68,6.7,6.71,6.72,6.73,6.69,6.73,6.72,6.73,6.75,6.7,6.73,-2.350
73,3.33,5.13,21.17,11,13,7.56,7.46,6.98,7.98,7.98,4.28,4.38,3.96,4.65,4.03,6.72,6.73,6.7,6.72,6.71,6.75,6.73,6.74,6.72,6.35,6.36,6.35,6.36,6.36,6.36,6.37,6.35,6.35,6.35,6.35,6.36,6.35,6.36,6.36,6.36,6.37,6.36,6.35,6.35,6.83,6.84,6.85,6.82,6.83,6.85,6.86,6.86,6.83,6.86,6.84,6.85,6.87,6.82,6.87,6.85,6.86,6.88,6.84,6.86,-1.800
74,7.08,6.63,20,10.33,13,7.7,7.56,7.12,8.14,8.14,4.37,4.47,4.05,4.74,4.12,6.87,6.88,6.84,6.86,6.86,6.89,6.87,6.88,6.87,6.44,6.45,6.44,6.45,6.45,6.45,6.46,6.44,6.44,6.44,6.44,6.45,6.44,6.45,6.45,6.45,6.46,6.45,6.44,6.44,6.99,7,7.01,6.97,6.99,7.01,7.02,7.02,6.99,7.01,6.95,6.96,6.97,6.93,6.97,6.96,6.97,6.99,6.94,6.97,0.450
75,4.08,5.13,19.67,9.67,13,7.85,7.68,7.25,8.27,8.27,4.46,4.56,4.15,4.84,4.21,7.03,7.04,7,7.02,7.02,7.05,7.03,7.04,7.03,6.53,6.54,6.53,6.54,6.54,6.54,6.55,6.53,6.53,6.53,6.53,6.54,6.53,6.54,6.54,6.54,6.55,6.54,6.53,6.53,7.15,7.16,7.17,7.14,7.16,7.17,7.18,7.19,7.15,7.18,7.07,7.08,7.09,7.05,7.09,7.08,7.09,7.11,7.06,7.09,-1.050
76,5.17,4.22,20.83,9,13,8,7.81,7.41,8.39,8.39,4.56,4.66,4.24,4.93,4.3,7.2,7.21,7.18,7.2,7.19,7.22,7.2,7.22,7.2,6.64,6.64,6.64,6.65,6.65,6.64,6.65,6.63,6.64,6.64,6.64,6.64,6.64,6.65,6.65,6.64,6.65,6.64,6.64,6.64,7.31,7.32,7.33,7.3,7.32,7.33,7.34,7.35,7.31,7.34,7.19,7.2,7.21,7.17,7.21,7.2,7.21,7.23,7.18,7.21,0.950
77,19.92,4.23,21.17,9.33,13,8.11,7.97,7.52,8.54,8.54,4.66,4.76,4.34,5.03,4.4,7.33,7.34,7.31,7.33,7.32,7.36,7.34,7.35,7.33,6.76,6.76,6.75,6.77,6.77,6.76,6.77,6.75,6.75,6.75,6.76,6.76,6.75,6.77,6.77,6.76,6.77,6.76,6.75,6.75,7.48,7.49,7.5,7.46,7.48,7.5,7.51,7.51,7.48,7.5,7.33,7.34,7.36,7.31,7.36,7.34,7.35,7.37,7.33,7.35,15.690
78,9.42,4.65,20.83,9.17,13,8.21,8.11,7.61,8.69,8.69,4.76,4.86,4.44,5.13,4.5,7.49,7.5,7.47,7.49,7.48,7.52,7.49,7.51,7.49,6.86,6.87,6.86,6.87,6.87,6.87,6.88,6.86,6.86,6.86,6.86,6.87,6.86,6.87,6.87,6.87,6.88,6.87,6.86,6.86,7.63,7.64,7.65,7.62,7.63,7.65,7.66,7.66,7.63,7.66,7.48,7.48,7.5,7.45,7.5,7.49,7.49,7.51,7.47,7.49,4.770
79,12.78,6.32,20.5,9.17,13,8.35,8.27,7.7,8.85,8.85,4.86,4.96,4.54,5.23,4.6,7.63,7.65,7.61,7.63,7.63,7.66,7.64,7.65,7.64,6.92,6.93,6.92,6.93,6.93,6.93,6.94,6.92,6.92,6.92,6.92,6.93,6.92,6.93,6.93,6.93,6.94,6.93,6.92,6.92,7.79,7.8,7.81,7.78,7.79,7.81,7.82,7.82,7.79,7.82,7.57,7.57,7.59,7.54,7.59,7.58,7.58,7.6,7.56,7.58,6.460
80,3.2,5.85,21.5,9,13,8.5,8.44,7.8,9.01,9,4.95,5.05,4.63,5.32,4.69,7.79,7.8,7.77,7.79,7.78,7.82,7.8,7.81,7.79,7.04,7.05,7.04,7.05,7.05,7.05,7.05,7.03,7.04,7.04,7.04,7.05,7.04,7.05,7.05,7.05,7.05,7.05,7.04,7.04,7.95,7.96,7.97,7.93,7.95,7.97,7.98,7.98,7.95,7.97,7.7,7.7,7.72,7.68,7.72,7.71,7.71,7.73,7.69,7.71,-2.650
81,2.33,4.27,22.67,9,13,8.65,8.56,7.92,9.17,9.16,5.04,5.14,4.72,5.42,4.78,7.92,7.93,7.9,7.92,7.91,7.95,7.93,7.94,7.92,7.16,7.16,7.16,7.17,7.17,7.16,7.17,7.15,7.16,7.16,7.16,7.16,7.16,7.17,7.17,7.16,7.17,7.16,7.16,7.16,8.11,8.12,8.13,8.1,8.12,8.13,8.15,8.15,8.11,8.14,7.84,7.85,7.86,7.82,7.86,7.85,7.86,7.88,7.83,7.85,-1.940
82,3,4.75,22.83,7.67,13,8.82,8.72,8.02,9.31,9.31,5.13,5.23,4.81,5.5,4.87,8.03,8.04,8,8.02,8.02,8.05,8.03,8.04,8.03,7.26,7.27,7.26,7.27,7.27,7.27,7.28,7.26,7.26,7.26,7.26,7.27,7.26,7.27,7.27,7.27,7.28,7.27,7.26,7.26,8.28,8.29,8.3,8.26,8.28,8.3,8.31,8.31,8.28,8.3,8,8,8.02,7.97,8.02,8.01,8.01,8.03,7.99,8.01,-1.750
83,6.75,4.52,22.17,8.17,13,8.95,8.86,8.08,9.47,9.47,5.22,5.32,4.89,5.59,4.96,8.18,8.19,8.15,8.17,8.17,8.2,8.18,8.19,8.18,7.4,7.41,7.4,7.41,7.41,7.41,7.42,7.4,7.4,7.4,7.4,7.41,7.4,7.41,7.41,7.41,7.42,7.41,7.4,7.4,8.43,8.44,8.45,8.41,8.43,8.45,8.46,8.46,8.43,8.45,8.17,8.17,8.19,8.15,8.19,8.18,8.18,8.21,8.16,8.18,2.230
84,3.78,4.85,22.17,8.83,13,9.05,9.01,8.19,9.62,9.62,5.31,5.41,4.99,5.68,5.05,8.33,8.34,8.3,8.32,8.32,8.35,8.33,8.34,8.33,7.53,7.54,7.53,7.54,7.54,7.54,7.55,7.52,7.53,7.53,7.53,7.54,7.53,7.54,7.54,7.54,7.55,7.54,7.53,7.53,8.58,8.59,8.6,8.56,8.58,8.6,8.61,8.61,8.58,8.6,8.32,8.32,8.34,8.3,8.34,8.33,8.33,8.36,8.31,8.33,-1.070
85,4.5,3.38,21.83,9.83,13,9.13,9.14,8.31,9.78,9.78,5.4,5.5,5.07,5.77,5.14,8.46,8.48,8.44,8.46,8.46,8.49,8.47,8.48,8.47,7.65,7.65,7.64,7.66,7.66,7.65,7.66,7.64,7.65,7.64,7.65,7.65,7.64,7.66,7.66,7.65,7.66,7.65,7.65,7.64,8.73,8.74,8.75,8.72,8.74,8.75,8.76,8.77,8.73,8.76,8.45,8.45,8.47,8.43,8.47,8.46,8.46,8.48,8.44,8.46,1.120
86,2.58,4.25,22.5,9.67,13,9.22,9.24,8.41,9.94,9.94,5.49,5.59,5.16,5.86,5.22,8.59,8.6,8.57,8.59,8.58,8.62,8.6,8.61,8.59,7.76,7.77,7.76,7.77,7.77,7.77,7.78,7.76,7.76,7.76,7.76,7.77,7.76,7.77,7.77,7.77,7.78,7.77,7.76,7.76,8.87,8.88,8.89,8.86,8.88,8.89,8.9,8.91,8.87,8.9,8.59,8.59,8.61,8.56,8.61,8.6,8.6,8.62,8.58,8.6,-1.670
87,2.75,6.1,22.33,8.67,13,9.33,9.38,8.54,10.09,10.08,5.58,5.69,5.26,5.96,5.32,8.73,8.74,8.71,8.73,8.72,8.75,8.73,8.75,8.73,7.89,7.9,7.89,7.9,7.9,7.9,7.91,7.89,7.89,7.89,7.89,7.9,7.89,7.9,7.9,7.9,7.91,7.9,7.89,7.89,9.01,9.02,9.03,9,9.01,9.03,9.04,9.04,9.01,9.04,8.73,8.73,8.75,8.7,8.75,8.74,8.74,8.76,8.72,8.74,-3.350
88,18.5,7.98,21.67,9.67,13,9.42,9.53,8.67,10.23,10.23,5.68,5.78,5.35,6.05,5.42,8.85,8.86,8.82,8.84,8.84,8.87,8.85,8.86,8.85,8.02,8.02,8.02,8.03,8.03,8.02,8.03,8.01,8.02,8.02,8.02,8.02,8.02,8.03,8.03,8.02,8.03,8.02,8.02,8.02,9.15,9.16,9.17,9.14,9.15,9.17,9.18,9.18,9.15,9.18,8.8,8.81,8.82,8.78,8.82,8.81,8.82,8.84,8.79,8.81,10.520
89,7.6,3.17,21.67,9.17,13,9.52,9.66,8.78,10.38,10.38,5.77,5.88,5.45,6.15,5.51,8.99,9,8.96,8.98,8.98,9.01,8.99,9,8.99,8.12,8.13,8.12,8.13,8.13,8.13,8.13,8.11,8.12,8.12,8.12,8.13,8.12,8.13,8.13,8.13,8.13,8.13,8.12,8.12,9.27,9.28,9.29,9.25,9.27,9.29,9.3,9.3,9.27,9.29,8.85,8.85,8.87,8.82,8.87,8.86,8.86,8.88,8.84,8.86,4.430
90,2.33,5.05,21.83,8.67,13,9.65,9.79,8.89,10.52,10.52,5.87,5.97,5.54,6.24,5.6,9.13,9.14,9.11,9.13,9.12,9.15,9.13,9.15,9.13,8.22,8.23,8.22,8.23,8.23,8.23,8.24,8.22,8.22,8.22,8.22,8.23,8.22,8.23,8.23,8.23,8.24,8.23,8.22,8.22,9.35,9.36,9.37,9.34,9.36,9.37,9.38,9.39,9.35,9.38,8.96,8.97,8.98,8.94,8.98,8.97,8.98,9,8.95,8.98,-2.720
91,0.33,4.48,21.83,9.33,13,9.8,9.92,9.02,10.65,10.65,5.96,6.06,5.63,6.33,5.69,9.28,9.29,9.25,9.27,9.27,9.3,9.28,9.29,9.28,8.34,8.34,8.33,8.35,8.34,8.34,8.35,8.33,8.33,8.33,8.34,8.34,8.33,8.35,8.34,8.34,8.35,8.34,8.33,8.33,9.45,9.46,9.47,9.44,9.46,9.47,9.49,9.49,9.45,9.48,9.11,9.11,9.13,9.09,9.13,9.12,9.12,9.14,9.1,9.12,-4.150
92,1.67,3.75,23,8,13,9.91,10.03,9.14,10.79,10.79,6.05,6.15,5.72,6.42,5.78,9.39,9.4,9.37,9.39,9.38,9.41,9.39,9.41,9.39,8.46,8.47,8.46,8.47,8.47,8.47,8.48,8.46,8.46,8.46,8.46,8.47,8.46,8.47,8.47,8.47,8.48,8.47,8.46,8.46,9.54,9.55,9.56,9.52,9.54,9.56,9.57,9.57,9.54,9.56,9.24,9.25,9.27,9.22,9.27,9.26,9.26,9.28,9.24,9.26,-2.080
93,7.33,4.2,23.17,8,13,10.02,10.17,9.24,10.9,10.9,6.14,6.25,5.81,6.52,5.88,9.48,9.49,9.45,9.47,9.47,9.5,9.48,9.49,9.48,8.56,8.57,8.56,8.57,8.57,8.57,8.58,8.56,8.56,8.56,8.56,8.57,8.56,8.57,8.57,8.57,8.58,8.57,8.56,8.56,9.64,9.65,9.66,9.62,9.64,9.66,9.67,9.67,9.64,9.66,9.36,9.37,9.38,9.34,9.38,9.37,9.38,9.4,9.35,9.37,3.130
94,1.08,4.8,21.17,9,13,10.15,10.31,9.34,10.98,10.98,6.24,6.34,5.91,6.61,5.97,9.56,9.57,9.54,9.56,9.55,9.58,9.56,9.58,9.56,8.66,8.67,8.66,8.67,8.67,8.67,8.68,8.66,8.66,8.66,8.66,8.67,8.66,8.67,8.67,8.67,8.68,8.67,8.66,8.66,9.77,9.78,9.79,9.75,9.77,9.79,9.8,9.8,9.77,9.79,9.49,9.5,9.52,9.47,9.52,9.51,9.51,9.53,9.49,9.51,-3.720
95,2.25,5.13,22.83,8.5,13,10.24,10.45,9.45,11.08,11.08,6.33,6.44,6,6.71,6.06,9.7,9.71,9.67,9.69,9.69,9.72,9.7,9.71,9.7,8.78,8.78,8.77,8.78,8.78,8.78,8.79,8.77,8.77,8.77,8.78,8.78,8.77,8.78,8.78,8.78,8.79,8.78,8.77,8.77,9.9,9.91,9.92,9.89,9.9,9.92,9.93,9.93,9.9,9.93,9.64,9.65,9.66,9.62,9.66,9.65,9.66,9.68,9.63,9.66,-2.880
96,3.22,4.65,22.83,8.83,13,10.37,10.56,9.57,11.16,11.16,6.43,6.53,6.09,6.8,6.16,9.82,9.83,9.8,9.82,9.81,9.85,9.82,9.84,9.82,8.89,8.89,8.88,8.9,8.9,8.89,8.9,8.88,8.88,8.88,8.89,8.89,8.88,8.9,8.9,8.89,8.9,8.89,8.88,8.88,10.03,10.04,10.05,10.01,10.03,10.05,10.06,10.06,10.03,10.05,9.75,9.76,9.77,9.73,9.77,9.76,9.77,9.79,9.75,9.77,-1.430
97,1.67,4.9,22,8.83,13,10.51,10.64,9.67,11.26,11.26,6.52,6.62,6.19,6.89,6.25,9.92,9.93,9.9,9.92,9.91,9.94,9.92,9.94,9.92,8.96,8.96,8.96,8.97,8.97,8.96,8.97,8.95,8.96,8.95,8.96,8.96,8.96,8.97,8.97,8.96,8.97,8.96,8.96,8.95,10.14,10.15,10.16,10.12,10.14,10.16,10.17,10.17,10.14,10.16,9.91,9.92,9.94,9.89,9.94,9.92,9.93,9.95,9.91,9.93,-3.230
98,11.5,5.55,23,9.17,13,10.64,10.73,9.77,11.38,11.38,6.61,6.71,6.28,6.98,6.34,10.01,10.02,9.98,10,10,10.03,10.01,10.02,10.01,9.09,9.1,9.09,9.1,9.1,9.1,9.11,9.09,9.09,9.09,9.09,9.1,9.09,9.1,9.1,9.1,9.11,9.1,9.09,9.09,10.25,10.26,10.27,10.24,10.25,10.27,10.28,10.28,10.25,10.28,10.06,10.06,10.08,10.04,10.08,10.07,10.07,10.09,10.05,10.07,5.950
99,4,5.78,22.67,8.67,13,10.76,10.86,9.88,11.51,11.52,6.71,6.81,6.37,7.08,6.43,10.09,10.1,10.07,10.09,10.08,10.11,10.09,10.11,10.09,9.22,9.22,9.21,9.23,9.22,9.22,9.23,9.21,9.21,9.21,9.22,9.22,9.21,9.23,9.22,9.22,9.23,9.22,9.21,9.21,10.39,10.4,10.41,10.37,10.39,10.41,10.42,10.42,10.39,10.41,10.21,10.21,10.23,10.19,10.23,10.22,10.22,10.24,10.2,10.22,-1.780
100,1.5,5.12,23.17,8.5,13,10.87,10.98,9.98,11.64,11.64,6.8,6.9,6.47,7.17,6.53,10.2,10.21,10.18,10.2,10.19,10.22,10.2,10.22,10.2,9.34,9.34,9.34,9.35,9.35,9.34,9.35,9.33,9.34,9.34,9.34,9.34,9.34,9.35,9.35,9.34,9.35,9.34,9.34,9.34,10.53,10.54,10.55,10.51,10.53,10.55,10.56,10.56,10.53,10.55,10.35,10.36,10.37,10.33,10.37,10.36,10.37,10.39,10.34,10.37,-3.620
101,3.67,3.7,22.67,8.5,13,10.98,11.08,10.05,11.74,11.75,6.9,7,6.56,7.27,6.62,10.32,10.33,10.3,10.32,10.31,10.35,10.33,10.34,10.33,9.45,9.46,9.45,9.46,9.46,9.46,9.46,9.44,9.45,9.45,9.45,9.46,9.45,9.46,9.46,9.46,9.46,9.46,9.45,9.45,10.65,10.66,10.67,10.64,10.65,10.67,10.68,10.68,10.65,10.68,10.48,10.49,10.51,10.46,10.51,10.49,10.5,10.52,10.48,10.5,-0.030
102,17.58,4.13,22.17,8.5,13,11.11,11.16,10.18,11.85,11.85,6.99,7.07,6.65,7.36,6.71,10.43,10.44,10.41,10.43,10.43,10.46,10.44,10.45,10.44,9.53,9.54,9.53,9.54,9.54,9.54,9.55,9.53,9.53,9.53,9.53,9.54,9.53,9.54,9.54,9.54,9.55,9.54,9.53,9.53,10.81,10.82,10.83,10.79,10.81,10.83,10.84,10.84,10.81,10.83,10.58,10.59,10.6,10.56,10.6,10.59,10.6,10.62,10.57,10.6,13.450
103,1,4.45,21.67,8.17,13,11.25,11.24,10.3,11.98,11.98,7.08,7.16,6.74,7.45,6.8,10.54,10.55,10.52,10.54,10.54,10.57,10.55,10.56,10.55,9.62,9.62,9.61,9.63,9.63,9.62,9.63,9.61,9.61,9.61,9.62,9.62,9.61,9.63,9.63,9.62,9.63,9.62,9.61,9.61,10.95,10.96,10.97,10.94,10.95,10.97,10.98,10.98,10.95,10.98,10.68,10.69,10.7,10.66,10.7,10.69,10.7,10.72,10.67,10.69,-3.450
104,2.88,4.3,22.33,8.5,13,11.38,11.34,10.42,12.11,12.12,7.17,7.26,6.83,7.54,6.89,10.64,10.65,10.62,10.64,10.63,10.66,10.64,10.66,10.64,9.73,9.73,9.72,9.74,9.74,9.73,9.74,9.72,9.72,9.72,9.73,9.73,9.72,9.74,9.74,9.73,9.74,9.73,9.72,9.72,11.1,11.11,11.12,11.08,11.1,11.12,11.13,11.13,11.1,11.12,10.75,10.75,10.77,10.73,10.77,10.76,10.76,10.79,10.74,10.76,-1.420
105,3.17,5.35,22.83,7.67,13,11.5,11.46,10.52,12.23,12.23,7.26,7.35,6.92,7.63,6.98,10.75,10.76,10.73,10.75,10.74,10.77,10.75,10.77,10.75,9.84,9.84,9.83,9.85,9.84,9.84,9.85,9.83,9.83,9.83,9.84,9.84,9.83,9.85,9.84,9.84,9.85,9.84,9.83,9.83,11.26,11.27,11.27,11.24,11.26,11.28,11.29,11.29,11.26,11.28,10.8,10.81,10.83,10.78,10.83,10.81,10.82,10.84,10.8,10.82,-2.180
106,7,6.83,22.33,6.83,13,11.59,11.56,10.6,12.37,12.38,7.35,7.43,7.01,7.72,7.07,10.87,10.88,10.85,10.87,10.86,10.89,10.87,10.89,10.87,9.92,9.92,9.92,9.93,9.93,9.92,9.93,9.91,9.92,9.92,9.92,9.92,9.92,9.93,9.93,9.92,9.93,9.92,9.92,9.92,11.41,11.42,11.43,11.39,11.41,11.43,11.44,11.44,11.41,11.43,10.9,10.91,10.92,10.88,10.92,10.91,10.92,10.94,10.89,10.92,0.170
107,0.67,6.65,23.33,8.5,13,11.71,11.66,10.67,12.5,12.5,7.43,7.52,7.09,7.81,7.15,10.95,10.96,10.93,10.95,10.94,10.98,10.96,10.97,10.95,10.05,10.05,10.05,10.06,10.06,10.05,10.06,10.04,10.05,10.05,10.05,10.05,10.05,10.06,10.06,10.05,10.06,10.05,10.05,10.05,11.55,11.56,11.57,11.53,11.55,11.57,11.58,11.58,11.55,11.57,11.04,11.05,11.06,11.02,11.06,11.05,11.06,11.08,11.03,11.06,-5.980
108,0.17,4.23,23.5,8.33,12.33,11.79,11.74,10.77,12.63,12.63,7.52,7.6,7.18,7.89,7.24,11.06,11.07,11.04,11.06,11.05,11.08,11.06,11.08,11.06,10.16,10.16,10.15,10.17,10.17,10.16,10.17,10.15,10.15,10.15,10.16,10.16,10.15,10.17,10.17,10.16,10.17,10.16,10.15,10.15,11.65,11.67,11.67,11.64,11.66,11.68,11.69,11.69,11.66,11.68,11.16,11.17,11.18,11.14,11.18,11.17,11.18,11.2,11.15,11.18,-4.060
109,2.53,4.91,23.67,7.9,12,11.88,11.84,10.86,12.77,12.77,7.61,7.69,7.27,7.98,7.33,11.17,11.18,11.14,11.16,11.16,11.19,11.17,11.18,11.17,10.29,10.29,10.28,10.29,10.29,10.29,10.3,10.28,10.28,10.28,10.29,10.29,10.28,10.29,10.29,10.29,10.3,10.29,10.28,10.28,11.79,11.8,11.81,11.78,11.79,11.81,11.82,11.82,11.79,11.82,11.27,11.27,11.29,11.24,11.29,11.28,11.28,11.3,11.26,11.28,-2.380
110,4.75,4.58,22.83,8.5,12,11.95,11.94,10.93,12.9,12.9,7.7,7.78,7.36,8.07,7.42,11.27,11.28,11.25,11.27,11.26,11.29,11.27,11.29,11.27,10.41,10.42,10.41,10.42,10.42,10.42,10.42,10.4,10.41,10.41,10.41,10.42,10.41,10.42,10.42,10.42,10.42,10.42,10.41,10.41,11.93,11.94,11.94,11.91,11.93,11.95,11.96,11.96,11.93,11.95,11.38,11.39,11.4,11.36,11.4,11.39,11.4,11.42,11.38,11.4,0.170
111,6.92,4.97,22.5,8.83,12,12.01,12.01,11.04,13.01,13.02,7.79,7.87,7.45,8.16,7.51,11.39,11.4,11.36,11.38,11.38,11.41,11.39,11.4,11.39,10.53,10.53,10.52,10.53,10.53,10.53,10.54,10.52,10.52,10.52,10.53,10.53,10.52,10.53,10.53,10.53,10.54,10.53,10.52,10.52,12.03,12.04,12.05,12.01,12.03,12.05,12.06,12.06,12.03,12.05,11.51,11.51,11.53,11.48,11.53,11.52,11.52,11.54,11.5,11.52,1.950
112,7.17,4.1,23.67,8.5,12,12.1,12.09,11.13,13.1,13.1,7.88,7.96,7.54,8.25,7.6,11.5,11.51,11.47,11.49,11.49,11.52,11.5,11.51,11.5,10.66,10.66,10.65,10.66,10.66,10.66,10.67,10.65,10.65,10.65,10.66,10.66,10.65,10.66,10.66,10.66,10.67,10.66,10.65,10.65,12.16,12.17,12.18,12.14,12.16,12.18,12.19,12.19,12.16,12.18,11.63,11.64,11.65,11.61,11.65,11.64,11.65,11.67,11.62,11.64,3.070
113,9.08,5.92,22.67,9.83,12,12.18,12.18,11.23,13.21,13.21,7.97,8.04,7.61,8.34,7.69,11.59,11.6,11.56,11.58,11.58,11.61,11.59,11.6,11.59,10.77,10.78,10.77,10.78,10.78,10.78,10.79,10.77,10.77,10.77,10.77,10.78,10.77,10.78,10.78,10.78,10.79,10.78,10.77,10.77,12.27,12.28,12.29,12.25,12.27,12.29,12.3,12.3,12.27,12.29,11.74,11.75,11.76,11.72,11.76,11.75,11.76,11.78,11.73,11.76,3.160
114,8.75,4.45,21.5,10,12,12.27,12.26,11.32,13.31,13.31,8.06,8.13,7.69,8.44,7.78,11.69,11.7,11.67,11.69,11.68,11.72,11.7,11.71,11.7,10.91,10.92,10.91,10.92,10.92,10.92,10.93,10.91,10.91,10.91,10.91,10.92,10.91,10.92,10.92,10.92,10.93,10.92,10.91,10.91,12.38,12.39,12.4,12.36,12.38,12.4,12.41,12.41,12.38,12.4,11.83,11.83,11.85,11.8,11.85,11.84,11.84,11.86,11.82,11.84,4.300
115,2.67,5.28,22.17,10,12,12.36,12.34,11.41,13.38,13.39,8.15,8.2,7.78,8.52,7.87,11.81,11.82,11.78,11.8,11.8,11.83,11.81,11.82,11.81,11.06,11.06,11.05,11.06,11.06,11.06,11.07,11.05,11.05,11.05,11.06,11.06,11.05,11.06,11.06,11.06,11.07,11.06,11.05,11.05,12.47,12.48,12.49,12.46,12.48,12.49,12.5,12.51,12.47,12.5,11.87,11.88,11.9,11.85,11.9,11.89,11.89,11.91,11.87,11.89,-2.610
116,2.95,5.18,23,9.5,12,12.43,12.42,11.5,13.47,13.48,8.24,8.28,7.86,8.61,7.95,11.89,11.9,11.87,11.89,11.88,11.91,11.89,11.91,11.89,11.18,11.18,11.18,11.19,11.19,11.18,11.19,11.17,11.18,11.18,11.18,11.18,11.18,11.19,11.19,11.18,11.19,11.18,11.18,11.18,12.57,12.58,12.59,12.55,12.57,12.59,12.6,12.6,12.57,12.59,11.97,11.97,11.99,11.95,11.99,11.98,11.98,12.01,11.96,11.98,-2.230
117,9.33,4.92,21.17,9,12,12.52,12.48,11.58,13.55,13.55,8.32,8.35,7.93,8.69,8.03,11.97,11.98,11.95,11.96,11.96,11.99,11.97,11.98,11.97,11.29,11.3,11.29,11.3,11.3,11.3,11.31,11.29,11.29,11.29,11.29,11.3,11.29,11.3,11.3,11.3,11.31,11.3,11.29,11.29,12.65,12.66,12.66,12.63,12.65,12.67,12.68,12.68,12.65,12.67,12.05,12.05,12.07,12.03,12.07,12.06,12.06,12.09,12.04,12.06,4.410
118,8.25,4.68,21.17,10,12,12.59,12.54,11.66,13.61,13.62,8.4,8.41,8,8.77,8.11,12.07,12.08,12.04,12.06,12.06,12.09,12.07,12.08,12.07,11.41,11.42,11.41,11.42,11.42,11.42,11.42,11.4,11.41,11.41,11.41,11.42,11.41,11.42,11.42,11.42,11.42,11.42,11.41,11.41,12.72,12.73,12.74,12.71,12.73,12.74,12.75,12.75,12.72,12.75,12.13,12.14,12.16,12.11,12.16,12.15,12.15,12.17,12.13,12.15,3.570
119,4.83,4.02,22.33,8.83,12,12.65,12.61,11.74,13.67,13.67,8.48,8.48,8.08,8.85,8.19,12.15,12.16,12.12,12.14,12.14,12.17,12.15,12.16,12.15,11.52,11.53,11.52,11.53,11.53,11.53,11.54,11.52,11.52,11.52,11.52,11.53,11.52,11.53,11.53,11.53,11.54,11.53,11.52,11.52,12.77,12.79,12.79,12.76,12.78,12.8,12.81,12.81,12.78,12.8,12.24,12.25,12.26,12.22,12.26,12.25,12.26,12.28,12.23,12.26,0.810
120,5.58,3.82,21.83,7.67,12,12.7,12.65,11.8,13.71,13.72,8.55,8.54,8.15,8.93,8.26,12.22,12.23,12.19,12.21,12.21,12.24,12.22,12.23,12.22,11.62,11.63,11.62,11.63,11.63,11.63,11.64,11.62,11.62,11.62,11.62,11.63,11.62,11.63,11.63,11.63,11.64,11.63,11.62,11.62,12.82,12.84,12.84,12.81,12.83,12.85,12.86,12.86,12.83,12.85,12.31,12.32,12.33,12.29,12.33,12.32,12.33,12.35,12.3,12.33,1.760
121,2.25,3.37,21,8.67,12,12.74,12.68,11.85,13.75,13.75,8.59,8.59,8.2,9,8.33,12.31,12.32,12.29,12.3,12.3,12.33,12.31,12.32,12.31,11.72,11.72,11.71,11.72,11.72,11.72,11.73,11.71,11.71,11.71,11.72,11.72,11.71,11.72,11.72,11.72,11.73,11.72,11.71,11.71,12.92,12.93,12.94,12.9,12.92,12.94,12.95,12.95,12.92,12.94,12.4,12.41,12.42,12.38,12.42,12.41,12.42,12.44,12.4,12.42,-1.120
122,1,3.95,21.33,9.17,12,12.78,12.71,11.89,13.77,13.78,8.65,8.64,8.24,9.04,8.4,12.39,12.4,12.37,12.39,12.38,12.42,12.4,12.41,12.47,11.81,11.81,11.81,11.82,11.82,11.81,11.82,11.8,11.81,11.81,11.81,11.81,11.81,11.82,11.82,11.81,11.82,11.81,11.81,11.81,13,13.01,13.02,12.99,13,13.02,13.03,13.03,13,13.03,12.46,12.47,12.49,12.44,12.49,12.48,12.48,12.5,12.46,12.48,-2.950
